"variable","label_en","r_class","var_type","n_valid","n_missing","pct_missing","n_categories","range","distribution"
"id_crianca","Child ID","character","identifier / free text",273,0,0,273,NA,"unique values not tabulated (likely ID / free text)"
"neps1.1","NEPS scale - item 1 - Mother","numeric","categorical (numeric-coded)",264,9,3.3,5,"1 - 5","1=47; 2=15; 3=144; 4=26; 5=32"
"neps2.1","NEPS scale - item 2 (reverse-coded in analysis) - Mother","numeric","categorical (numeric-coded)",264,9,3.3,5,"1 - 5","1=129; 2=48; 3=73; 4=4; 5=10"
"neps3.1","NEPS scale - item 3 - Mother","numeric","categorical (numeric-coded)",264,9,3.3,5,"1 - 5","1=8; 2=13; 3=44; 4=41; 5=158"
"neps4.1","NEPS scale - item 4 (reverse-coded in analysis) - Mother","numeric","categorical (numeric-coded)",262,11,4,5,"1 - 5","1=52; 2=34; 3=125; 4=28; 5=23"
"neps5.1","NEPS scale - item 5 - Mother","numeric","categorical (numeric-coded)",264,9,3.3,5,"1 - 5","1=4; 2=5; 3=33; 4=48; 5=174"
"neps6.1","NEPS scale - item 6 (reverse-coded in analysis) - Mother","numeric","categorical (numeric-coded)",264,9,3.3,5,"1 - 5","1=4; 2=9; 3=34; 4=55; 5=162"
"neps7.1","NEPS scale - item 7 - Mother","numeric","categorical (numeric-coded)",262,11,4,5,"1 - 5","1=3; 2=4; 3=15; 4=29; 5=211"
"neps8.1","NEPS scale - item 8 (reverse-coded in analysis) - Mother","numeric","categorical (numeric-coded)",263,10,3.7,5,"1 - 5","1=119; 2=49; 3=70; 4=6; 5=19"
"neps9.1","NEPS scale - item 9 - Mother","numeric","categorical (numeric-coded)",264,9,3.3,5,"1 - 5","1=7; 2=2; 3=59; 4=40; 5=156"
"neps10.1","NEPS scale - item 10 (reverse-coded in analysis) - Mother","numeric","categorical (numeric-coded)",264,9,3.3,5,"1 - 5","1=92; 2=45; 3=90; 4=13; 5=24"
"neps11.1","NEPS scale - item 11 - Mother","numeric","categorical (numeric-coded)",264,9,3.3,5,"1 - 5","1=30; 2=18; 3=107; 4=50; 5=59"
"neps12.1","NEPS scale - item 12 (reverse-coded in analysis) - Mother","numeric","categorical (numeric-coded)",261,12,4.4,5,"1 - 5","1=149; 2=30; 3=59; 4=8; 5=15"
"neps13.1","NEPS scale - item 13 - Mother","numeric","categorical (numeric-coded)",264,9,3.3,5,"1 - 5","1=8; 2=6; 3=60; 4=64; 5=126"
"neps14.1","NEPS scale - item 14 (reverse-coded in analysis) - Mother","numeric","categorical (numeric-coded)",263,10,3.7,5,"1 - 5","1=91; 2=38; 3=99; 4=15; 5=20"
"neps15.1","NEPS scale - item 15 - Mother","numeric","categorical (numeric-coded)",262,11,4,4,"1 - 5","1=8; 3=63; 4=54; 5=137"
"neps1.2","NEPS scale - item 1 - Father","numeric","categorical (numeric-coded)",226,47,17.2,5,"1 - 5","1=41; 2=20; 3=108; 4=22; 5=35"
"neps2.2","NEPS scale - item 2 (reverse-coded in analysis) - Father","numeric","categorical (numeric-coded)",226,47,17.2,5,"1 - 5","1=96; 2=42; 3=68; 4=10; 5=10"
"neps3.2","NEPS scale - item 3 - Father","numeric","categorical (numeric-coded)",226,47,17.2,5,"1 - 5","1=12; 2=7; 3=47; 4=53; 5=107"
"neps4.2","NEPS scale - item 4 (reverse-coded in analysis) - Father","numeric","categorical (numeric-coded)",225,48,17.6,5,"1 - 5","1=38; 2=20; 3=98; 4=33; 5=36"
"neps5.2","NEPS scale - item 5 - Father","numeric","categorical (numeric-coded)",226,47,17.2,5,"1 - 5","1=3; 2=6; 3=29; 4=52; 5=136"
"neps6.2","NEPS scale - item 6 (reverse-coded in analysis) - Father","numeric","categorical (numeric-coded)",226,47,17.2,5,"1 - 5","1=3; 2=5; 3=38; 4=49; 5=131"
"neps7.2","NEPS scale - item 7 - Father","numeric","categorical (numeric-coded)",226,47,17.2,5,"1 - 5","1=3; 2=2; 3=22; 4=35; 5=164"
"neps8.2","NEPS scale - item 8 (reverse-coded in analysis) - Father","numeric","categorical (numeric-coded)",226,47,17.2,5,"1 - 5","1=84; 2=41; 3=66; 4=18; 5=17"
"neps9.2","NEPS scale - item 9 - Father","numeric","categorical (numeric-coded)",225,48,17.6,5,"1 - 5","1=4; 2=2; 3=32; 4=52; 5=135"
"neps10.2","NEPS scale - item 10 (reverse-coded in analysis) - Father","numeric","categorical (numeric-coded)",225,48,17.6,5,"1 - 5","1=61; 2=38; 3=86; 4=17; 5=23"
"neps11.2","NEPS scale - item 11 - Father","numeric","categorical (numeric-coded)",226,47,17.2,5,"1 - 5","1=23; 2=24; 3=79; 4=43; 5=57"
"neps12.2","NEPS scale - item 12 (reverse-coded in analysis) - Father","numeric","categorical (numeric-coded)",226,47,17.2,5,"1 - 5","1=117; 2=29; 3=59; 4=6; 5=15"
"neps13.2","NEPS scale - item 13 - Father","numeric","categorical (numeric-coded)",226,47,17.2,5,"1 - 5","1=9; 2=10; 3=55; 4=52; 5=100"
"neps14.2","NEPS scale - item 14 (reverse-coded in analysis) - Father","numeric","categorical (numeric-coded)",225,48,17.6,5,"1 - 5","1=71; 2=31; 3=86; 4=24; 5=13"
"neps15.2","NEPS scale - item 15 - Father","numeric","categorical (numeric-coded)",224,49,17.9,5,"1 - 5","1=5; 2=10; 3=56; 4=49; 5=104"
"genero.1","Respondent's gender - Mother","numeric","categorical (numeric-coded)",262,11,4,2,"1 - 2","1=261; 2=1"
"escolaridade.1","Respondent's education level (coded, see questionnaire) - Mother","numeric","categorical (numeric-coded)",262,11,4,10,"1 - 10","1=2; 2=7; 3=27; 4=82; 5=15; 6=6; 7=71; 8=37; 9=10; 10=5"
"situ_prof.1","Respondent's employment/occupational status (coded) - Mother","numeric","categorical (numeric-coded)",259,14,5.1,8,"1 - 8","1=23; 2=187; 3=19; 4=17; 5=1; 6=8; 7=3; 8=1"
"n_agreg_fam.1","Number of people in the household - Mother","numeric","categorical (numeric-coded)",263,10,3.7,6,"0 - 6","0=2; 2=12; 3=88; 4=131; 5=28; 6=2"
"n_criancas_agreg.1","Number of children in the household - Mother","numeric","categorical (numeric-coded)",263,10,3.7,5,"0 - 4","0=2; 1=104; 2=128; 3=27; 4=2"
"rend_mens_liq.1","Household net monthly income (coded income bracket) - Mother","numeric","categorical (numeric-coded)",240,33,12.1,6,"1 - 6","1=14; 2=27; 3=87; 4=66; 5=28; 6=18"
"n_contrib_agreg.1","Number of income earners in the household - Mother","numeric","categorical (numeric-coded)",261,12,4.4,6,"0 - 5","0=1; 1=45; 2=205; 3=7; 4=2; 5=1"
"horas_trab_sem.1","Respondent's weekly working hours - Mother","numeric","continuous",250,23,8.4,30,"0 - 60","M=21.48, SD=18.60"
"horas_crianc_ji.1","Child's weekly hours in preschool/daycare ('jardim de infancia') - Mother","numeric","continuous",260,13,4.8,22,"1 - 75","M=16.70, SD=17.38"
"genero.2","Respondent's gender - Father","numeric","categorical (numeric-coded)",223,50,18.3,2,"2 - 3","2=222; 3=1"
"escolaridade.2","Respondent's education level (coded, see questionnaire) - Father","numeric","categorical (numeric-coded)",223,50,18.3,10,"1 - 10","1=3; 2=13; 3=50; 4=59; 5=13; 6=3; 7=48; 8=28; 9=4; 10=2"
"situ_prof.2","Respondent's employment/occupational status (coded) - Father","numeric","categorical (numeric-coded)",219,54,19.8,6,"1 - 8","1=11; 2=168; 3=17; 4=20; 7=1; 8=2"
"n_agreg_fam.2","Number of people in the household - Father","numeric","categorical (numeric-coded)",223,50,18.3,7,"1 - 7","1=1; 2=9; 3=77; 4=110; 5=24; 6=1; 7=1"
"n_criancas_agreg.2","Number of children in the household - Father","numeric","categorical (numeric-coded)",222,51,18.7,5,"0 - 4","0=1; 1=88; 2=107; 3=25; 4=1"
"rend_mens_liq.2","Household net monthly income (coded income bracket) - Father","numeric","categorical (numeric-coded)",201,72,26.4,6,"1 - 6","1=8; 2=18; 3=75; 4=52; 5=32; 6=16"
"n_contrib_agreg.2","Number of income earners in the household - Father","numeric","categorical (numeric-coded)",222,51,18.7,5,"0 - 4","0=1; 1=37; 2=181; 3=1; 4=2"
"horas_trab_sem.2","Respondent's weekly working hours - Father","numeric","continuous",215,58,21.2,26,"1 - 80","M=24.60, SD=20.78"
"horas_crianc_ji.2","Child's weekly hours in preschool/daycare ('jardim de infancia') - Father","numeric","continuous",223,50,18.3,24,"0 - 50","M=17.09, SD=17.04"
"mother_age","Mother's age (years)","numeric","continuous",258,15,5.5,253,"15.98 - 50.03","M=36.81, SD=5.24"
"father_age","Father's age (years)","numeric","continuous",218,55,20.1,216,"23.82 - 59.97","M=39.07, SD=5.80"
"child_age","Child's age (years)","numeric","continuous",267,6,2.2,239,"2.87 - 6.38","M=4.25, SD=0.84"
"gender_child","Child's gender","character","categorical (text)",273,0,0,2,NA,"1=135; 2=138"
